{
  "M": 0.6148032316914256,
  "EM": 0.0,
  "F1": 0.03751683899459331,
  "Precision": 0.021396410145183044,
  "Recall": 0.30028655279271765,
  "Recall_char3gram": 0.7470631035329243,
  "Rouge-1": 0.04708463901885487,
  "Rouge-2": 0.015032245293472682,
  "Rouge-L": 0.04548064305211172
}