{
  "M": 0.4766744852749544,
  "EM": 0.0,
  "F1": 0.07350639540874286,
  "Precision": 0.04395692989787185,
  "Recall": 0.6100133595400831,
  "Recall_char3gram": 0.6861429923007449,
  "Rouge-1": 0.05055219422666656,
  "Rouge-2": 0.014133470646446562,
  "Rouge-L": 0.046462038394547454
}