{
  "M": 0.510815741464686,
  "EM": 0.0,
  "F1": 0.034312909283799375,
  "Precision": 0.02080092206514924,
  "Recall": 0.1824889647074139,
  "Recall_char3gram": 0.6360762917237317,
  "Rouge-1": 0.04167649621549916,
  "Rouge-2": 0.012261754034251376,
  "Rouge-L": 0.04004449768432904
}