{
  "M": 0.6421683606984624,
  "EM": 0.0,
  "F1": 0.03708957114663342,
  "Precision": 0.02099111387483003,
  "Recall": 0.31996590491877763,
  "Recall_char3gram": 0.7721450792421928,
  "Rouge-1": 0.04685519520478985,
  "Rouge-2": 0.015123561733283919,
  "Rouge-L": 0.04508217155072718
}