{
  "M": 0.5402658326817826,
  "EM": 0.0,
  "F1": 0.02954734968087818,
  "Precision": 0.016850592387099236,
  "Recall": 0.24351072506829277,
  "Recall_char3gram": 0.6902773945434654,
  "Rouge-1": 0.03695683199704709,
  "Rouge-2": 0.009001858505088334,
  "Rouge-L": 0.03524886564749551
}