{
  "M": 0.015257469802924348,
  "EM": 0.0,
  "F1": 0.22340644439125584,
  "Precision": 0.20120790470131694,
  "Recall": 0.36743997319869737,
  "Recall_char3gram": 0.5434647569500186,
  "Rouge-1": 0.2431129079705058,
  "Rouge-2": 0.07150997384187491,
  "Rouge-L": 0.2165207124188526
}