{
  "M": 0.49674224654678134,
  "EM": 0.0,
  "F1": 0.03393482426009453,
  "Precision": 0.020833245102853722,
  "Recall": 0.17442445232596954,
  "Recall_char3gram": 0.6140275871492907,
  "Rouge-1": 0.04188323321085755,
  "Rouge-2": 0.012822617367220852,
  "Rouge-L": 0.040179266514394046
}