{
  "M": 0.4808444096950743,
  "EM": 0.0,
  "F1": 0.06876590634774003,
  "Precision": 0.04078016336624512,
  "Recall": 0.6008134733717202,
  "Recall_char3gram": 0.6767256752939721,
  "Rouge-1": 0.047648971154814486,
  "Rouge-2": 0.013621192284493907,
  "Rouge-L": 0.043994019422508
}